Model,#Param,BIC,AICc,lnL,Invariant,Gamma,Freq A,Freq R,Freq N,Freq D,Freq C,Freq Q,Freq E,Freq G,Freq H,Freq I,Freq L,Freq K,Freq M,Freq F,Freq P,Freq S,Freq T,Freq W,Freq Y,Freq V,,,,,,,,,,,,,,,,,,,,,,,,,,,,,,,,,,,,,,,,,,,,,,,,,,,,,,,,,,,,,,,,,,,,,,,,,,,,,,,,,,,,,,,,,,,,,,,,,,,,,,,,,,,,,,,,,,,,,,,,,,,,,,,,,,,,,,,,,,,,,,,,,,,,,,,,,,,,,,,,,,,,,,,,,,,,,,,,,,,,,,,,,,,,,,,,,,,,,,,,,,,,,,,,,,,,,,,,,,,,,,,,,,,,,,,,,,,,,,,,,,,,,,,,,,,,,,,,,,,,,,,,,,,,,,,,,,,,,,,,,,,,,,,,,,,,,,,,,,,,,,,,,,,,,,,,,,,,,,,,,,,,,,,,,,,,,,,,,,,,,,,,,,,,,,,,,,,,,,,,,,,,,,,,,,,,,,,,,,,,
LG+G,22,7869.54810501796,7730.10537652633,-3842.93232670275,n/a,1.18528638566098,0.079066,0.055941,0.041977,0.053052,0.012937,0.040767,0.071586,0.057337,0.022355,0.062157,0.099081,0.0646,0.022951,0.042302,0.04404,0.061197,0.053287,0.012066,0.034155,0.069147,,,,,,,,,,,,,,,,,,,,,,,,,,,,,,,,,,,,,,,,,,,,,,,,,,,,,,,,,,,,,,,,,,,,,,,,,,,,,,,,,,,,,,,,,,,,,,,,,,,,,,,,,,,,,,,,,,,,,,,,,,,,,,,,,,,,,,,,,,,,,,,,,,,,,,,,,,,,,,,,,,,,,,,,,,,,,,,,,,,,,,,,,,,,,,,,,,,,,,,,,,,,,,,,,,,,,,,,,,,,,,,,,,,,,,,,,,,,,,,,,,,,,,,,,,,,,,,,,,,,,,,,,,,,,,,,,,,,,,,,,,,,,,,,,,,,,,,,,,,,,,,,,,,,,,,,,,,,,,,,,,,,,,,,,,,,,,,,,,,,,,,,,,,,,,,,,,,,,,,,,,,,,,,,,,,,,,,,,,,,
WAG+G,22,7876.24540433613,7736.80267584449,-3846.28097636183,n/a,1.35108924240853,0.0866279,0.043972,0.0390894,0.0570451,0.0193078,0.0367281,0.0580589,0.0832518,0.0244313,0.048466,0.086209,0.0620286,0.0195027,0.0384319,0.0457631,0.0695179,0.0610127,0.0143859,0.0352742,0.0708956,,,,,,,,,,,,,,,,,,,,,,,,,,,,,,,,,,,,,,,,,,,,,,,,,,,,,,,,,,,,,,,,,,,,,,,,,,,,,,,,,,,,,,,,,,,,,,,,,,,,,,,,,,,,,,,,,,,,,,,,,,,,,,,,,,,,,,,,,,,,,,,,,,,,,,,,,,,,,,,,,,,,,,,,,,,,,,,,,,,,,,,,,,,,,,,,,,,,,,,,,,,,,,,,,,,,,,,,,,,,,,,,,,,,,,,,,,,,,,,,,,,,,,,,,,,,,,,,,,,,,,,,,,,,,,,,,,,,,,,,,,,,,,,,,,,,,,,,,,,,,,,,,,,,,,,,,,,,,,,,,,,,,,,,,,,,,,,,,,,,,,,,,,,,,,,,,,,,,,,,,,,,,,,,,,,,,,,,,,,,
LG+G+I,23,7878.01481135002,7732.24478145876,-3842.99105596849,0.109125900125053,1.92295519539729,0.079066,0.055941,0.041977,0.053052,0.012937,0.040767,0.071586,0.057337,0.022355,0.062157,0.099081,0.0646,0.022951,0.042302,0.04404,0.061197,0.053287,0.012066,0.034155,0.069147,,,,,,,,,,,,,,,,,,,,,,,,,,,,,,,,,,,,,,,,,,,,,,,,,,,,,,,,,,,,,,,,,,,,,,,,,,,,,,,,,,,,,,,,,,,,,,,,,,,,,,,,,,,,,,,,,,,,,,,,,,,,,,,,,,,,,,,,,,,,,,,,,,,,,,,,,,,,,,,,,,,,,,,,,,,,,,,,,,,,,,,,,,,,,,,,,,,,,,,,,,,,,,,,,,,,,,,,,,,,,,,,,,,,,,,,,,,,,,,,,,,,,,,,,,,,,,,,,,,,,,,,,,,,,,,,,,,,,,,,,,,,,,,,,,,,,,,,,,,,,,,,,,,,,,,,,,,,,,,,,,,,,,,,,,,,,,,,,,,,,,,,,,,,,,,,,,,,,,,,,,,,,,,,,,,,,,,,,,,,
JTT+G,22,7881.30133634626,7741.85860785463,-3848.8089423669,n/a,1.2571809594691,0.0769,0.0511,0.0425,0.0513,0.0203,0.0411,0.0618,0.0747,0.023,0.0526,0.0911,0.0595,0.0234,0.0405,0.0505,0.0682,0.0585,0.0143,0.0323,0.0664,,,,,,,,,,,,,,,,,,,,,,,,,,,,,,,,,,,,,,,,,,,,,,,,,,,,,,,,,,,,,,,,,,,,,,,,,,,,,,,,,,,,,,,,,,,,,,,,,,,,,,,,,,,,,,,,,,,,,,,,,,,,,,,,,,,,,,,,,,,,,,,,,,,,,,,,,,,,,,,,,,,,,,,,,,,,,,,,,,,,,,,,,,,,,,,,,,,,,,,,,,,,,,,,,,,,,,,,,,,,,,,,,,,,,,,,,,,,,,,,,,,,,,,,,,,,,,,,,,,,,,,,,,,,,,,,,,,,,,,,,,,,,,,,,,,,,,,,,,,,,,,,,,,,,,,,,,,,,,,,,,,,,,,,,,,,,,,,,,,,,,,,,,,,,,,,,,,,,,,,,,,,,,,,,,,,,,,,,,,,
WAG+G+I,23,7882.80931737915,7737.03928748788,-3845.38830898305,0.1278372043389,2.59032368997219,0.0866279,0.043972,0.0390894,0.0570451,0.0193078,0.0367281,0.0580589,0.0832518,0.0244313,0.048466,0.086209,0.0620286,0.0195027,0.0384319,0.0457631,0.0695179,0.0610127,0.0143859,0.0352742,0.0708956,,,,,,,,,,,,,,,,,,,,,,,,,,,,,,,,,,,,,,,,,,,,,,,,,,,,,,,,,,,,,,,,,,,,,,,,,,,,,,,,,,,,,,,,,,,,,,,,,,,,,,,,,,,,,,,,,,,,,,,,,,,,,,,,,,,,,,,,,,,,,,,,,,,,,,,,,,,,,,,,,,,,,,,,,,,,,,,,,,,,,,,,,,,,,,,,,,,,,,,,,,,,,,,,,,,,,,,,,,,,,,,,,,,,,,,,,,,,,,,,,,,,,,,,,,,,,,,,,,,,,,,,,,,,,,,,,,,,,,,,,,,,,,,,,,,,,,,,,,,,,,,,,,,,,,,,,,,,,,,,,,,,,,,,,,,,,,,,,,,,,,,,,,,,,,,,,,,,,,,,,,,,,,,,,,,,,,,,,,,,
WAG+I,22,7887.09717794994,7747.65444945831,-3851.70686316874,0.220135742954711,n/a,0.0866279,0.043972,0.0390894,0.0570451,0.0193078,0.0367281,0.0580589,0.0832518,0.0244313,0.048466,0.086209,0.0620286,0.0195027,0.0384319,0.0457631,0.0695179,0.0610127,0.0143859,0.0352742,0.0708956,,,,,,,,,,,,,,,,,,,,,,,,,,,,,,,,,,,,,,,,,,,,,,,,,,,,,,,,,,,,,,,,,,,,,,,,,,,,,,,,,,,,,,,,,,,,,,,,,,,,,,,,,,,,,,,,,,,,,,,,,,,,,,,,,,,,,,,,,,,,,,,,,,,,,,,,,,,,,,,,,,,,,,,,,,,,,,,,,,,,,,,,,,,,,,,,,,,,,,,,,,,,,,,,,,,,,,,,,,,,,,,,,,,,,,,,,,,,,,,,,,,,,,,,,,,,,,,,,,,,,,,,,,,,,,,,,,,,,,,,,,,,,,,,,,,,,,,,,,,,,,,,,,,,,,,,,,,,,,,,,,,,,,,,,,,,,,,,,,,,,,,,,,,,,,,,,,,,,,,,,,,,,,,,,,,,,,,,,,,,
JTT+G+I,23,7889.35350642493,7743.58347653367,-3848.66040350595,0.0920946265416176,1.87426826296313,0.0769,0.0511,0.0425,0.0513,0.0203,0.0411,0.0618,0.0747,0.023,0.0526,0.0911,0.0595,0.0234,0.0405,0.0505,0.0682,0.0585,0.0143,0.0323,0.0664,,,,,,,,,,,,,,,,,,,,,,,,,,,,,,,,,,,,,,,,,,,,,,,,,,,,,,,,,,,,,,,,,,,,,,,,,,,,,,,,,,,,,,,,,,,,,,,,,,,,,,,,,,,,,,,,,,,,,,,,,,,,,,,,,,,,,,,,,,,,,,,,,,,,,,,,,,,,,,,,,,,,,,,,,,,,,,,,,,,,,,,,,,,,,,,,,,,,,,,,,,,,,,,,,,,,,,,,,,,,,,,,,,,,,,,,,,,,,,,,,,,,,,,,,,,,,,,,,,,,,,,,,,,,,,,,,,,,,,,,,,,,,,,,,,,,,,,,,,,,,,,,,,,,,,,,,,,,,,,,,,,,,,,,,,,,,,,,,,,,,,,,,,,,,,,,,,,,,,,,,,,,,,,,,,,,,,,,,,,,
LG+I,22,7889.72261839672,7750.27988990508,-3853.01958339212,0.227466887093623,n/a,0.079066,0.055941,0.041977,0.053052,0.012937,0.040767,0.071586,0.057337,0.022355,0.062157,0.099081,0.0646,0.022951,0.042302,0.04404,0.061197,0.053287,0.012066,0.034155,0.069147,,,,,,,,,,,,,,,,,,,,,,,,,,,,,,,,,,,,,,,,,,,,,,,,,,,,,,,,,,,,,,,,,,,,,,,,,,,,,,,,,,,,,,,,,,,,,,,,,,,,,,,,,,,,,,,,,,,,,,,,,,,,,,,,,,,,,,,,,,,,,,,,,,,,,,,,,,,,,,,,,,,,,,,,,,,,,,,,,,,,,,,,,,,,,,,,,,,,,,,,,,,,,,,,,,,,,,,,,,,,,,,,,,,,,,,,,,,,,,,,,,,,,,,,,,,,,,,,,,,,,,,,,,,,,,,,,,,,,,,,,,,,,,,,,,,,,,,,,,,,,,,,,,,,,,,,,,,,,,,,,,,,,,,,,,,,,,,,,,,,,,,,,,,,,,,,,,,,,,,,,,,,,,,,,,,,,,,,,,,,
JTT+I,22,7899.49786163847,7760.05513314684,-3857.907205013,0.224040687723085,n/a,0.0769,0.0511,0.0425,0.0513,0.0203,0.0411,0.0618,0.0747,0.023,0.0526,0.0911,0.0595,0.0234,0.0405,0.0505,0.0682,0.0585,0.0143,0.0323,0.0664,,,,,,,,,,,,,,,,,,,,,,,,,,,,,,,,,,,,,,,,,,,,,,,,,,,,,,,,,,,,,,,,,,,,,,,,,,,,,,,,,,,,,,,,,,,,,,,,,,,,,,,,,,,,,,,,,,,,,,,,,,,,,,,,,,,,,,,,,,,,,,,,,,,,,,,,,,,,,,,,,,,,,,,,,,,,,,,,,,,,,,,,,,,,,,,,,,,,,,,,,,,,,,,,,,,,,,,,,,,,,,,,,,,,,,,,,,,,,,,,,,,,,,,,,,,,,,,,,,,,,,,,,,,,,,,,,,,,,,,,,,,,,,,,,,,,,,,,,,,,,,,,,,,,,,,,,,,,,,,,,,,,,,,,,,,,,,,,,,,,,,,,,,,,,,,,,,,,,,,,,,,,,,,,,,,,,,,,,,,,
cpREV+G,22,7931.24389956503,7791.80117107339,-3873.78022397628,n/a,1.303105412313,0.0756,0.0621,0.041,0.0371,0.0091,0.0382,0.0495,0.0838,0.0246,0.0806,0.1011,0.0504,0.022,0.0506,0.0431,0.0622,0.0543,0.0181,0.0307,0.066,,,,,,,,,,,,,,,,,,,,,,,,,,,,,,,,,,,,,,,,,,,,,,,,,,,,,,,,,,,,,,,,,,,,,,,,,,,,,,,,,,,,,,,,,,,,,,,,,,,,,,,,,,,,,,,,,,,,,,,,,,,,,,,,,,,,,,,,,,,,,,,,,,,,,,,,,,,,,,,,,,,,,,,,,,,,,,,,,,,,,,,,,,,,,,,,,,,,,,,,,,,,,,,,,,,,,,,,,,,,,,,,,,,,,,,,,,,,,,,,,,,,,,,,,,,,,,,,,,,,,,,,,,,,,,,,,,,,,,,,,,,,,,,,,,,,,,,,,,,,,,,,,,,,,,,,,,,,,,,,,,,,,,,,,,,,,,,,,,,,,,,,,,,,,,,,,,,,,,,,,,,,,,,,,,,,,,,,,,,,
cpREV+G+I,23,7938.21418256565,7792.44415267438,-3873.09074157631,0.157685679869558,3.11832499842458,0.0756,0.0621,0.041,0.0371,0.0091,0.0382,0.0495,0.0838,0.0246,0.0806,0.1011,0.0504,0.022,0.0506,0.0431,0.0622,0.0543,0.0181,0.0307,0.066,,,,,,,,,,,,,,,,,,,,,,,,,,,,,,,,,,,,,,,,,,,,,,,,,,,,,,,,,,,,,,,,,,,,,,,,,,,,,,,,,,,,,,,,,,,,,,,,,,,,,,,,,,,,,,,,,,,,,,,,,,,,,,,,,,,,,,,,,,,,,,,,,,,,,,,,,,,,,,,,,,,,,,,,,,,,,,,,,,,,,,,,,,,,,,,,,,,,,,,,,,,,,,,,,,,,,,,,,,,,,,,,,,,,,,,,,,,,,,,,,,,,,,,,,,,,,,,,,,,,,,,,,,,,,,,,,,,,,,,,,,,,,,,,,,,,,,,,,,,,,,,,,,,,,,,,,,,,,,,,,,,,,,,,,,,,,,,,,,,,,,,,,,,,,,,,,,,,,,,,,,,,,,,,,,,,,,,,,,,,
rtREV+G,22,7940.22918487961,7800.78645638798,-3878.27286663357,n/a,1.23287596168945,0.0646,0.0453,0.0376,0.0422,0.0114,0.0606,0.0607,0.0639,0.0273,0.0679,0.1018,0.0751,0.015,0.0287,0.0681,0.0488,0.0622,0.0251,0.0318,0.0619,,,,,,,,,,,,,,,,,,,,,,,,,,,,,,,,,,,,,,,,,,,,,,,,,,,,,,,,,,,,,,,,,,,,,,,,,,,,,,,,,,,,,,,,,,,,,,,,,,,,,,,,,,,,,,,,,,,,,,,,,,,,,,,,,,,,,,,,,,,,,,,,,,,,,,,,,,,,,,,,,,,,,,,,,,,,,,,,,,,,,,,,,,,,,,,,,,,,,,,,,,,,,,,,,,,,,,,,,,,,,,,,,,,,,,,,,,,,,,,,,,,,,,,,,,,,,,,,,,,,,,,,,,,,,,,,,,,,,,,,,,,,,,,,,,,,,,,,,,,,,,,,,,,,,,,,,,,,,,,,,,,,,,,,,,,,,,,,,,,,,,,,,,,,,,,,,,,,,,,,,,,,,,,,,,,,,,,,,,,,
cpREV+I,22,7943.06667649964,7803.62394800801,-3879.69161244359,0.227224062592337,n/a,0.0756,0.0621,0.041,0.0371,0.0091,0.0382,0.0495,0.0838,0.0246,0.0806,0.1011,0.0504,0.022,0.0506,0.0431,0.0622,0.0543,0.0181,0.0307,0.066,,,,,,,,,,,,,,,,,,,,,,,,,,,,,,,,,,,,,,,,,,,,,,,,,,,,,,,,,,,,,,,,,,,,,,,,,,,,,,,,,,,,,,,,,,,,,,,,,,,,,,,,,,,,,,,,,,,,,,,,,,,,,,,,,,,,,,,,,,,,,,,,,,,,,,,,,,,,,,,,,,,,,,,,,,,,,,,,,,,,,,,,,,,,,,,,,,,,,,,,,,,,,,,,,,,,,,,,,,,,,,,,,,,,,,,,,,,,,,,,,,,,,,,,,,,,,,,,,,,,,,,,,,,,,,,,,,,,,,,,,,,,,,,,,,,,,,,,,,,,,,,,,,,,,,,,,,,,,,,,,,,,,,,,,,,,,,,,,,,,,,,,,,,,,,,,,,,,,,,,,,,,,,,,,,,,,,,,,,,,
rtREV+G+I,23,7947.25666638727,7801.48663649601,-3877.61198348712,0.108645065958821,2.043506191132,0.0646,0.0453,0.0376,0.0422,0.0114,0.0606,0.0607,0.0639,0.0273,0.0679,0.1018,0.0751,0.015,0.0287,0.0681,0.0488,0.0622,0.0251,0.0318,0.0619,,,,,,,,,,,,,,,,,,,,,,,,,,,,,,,,,,,,,,,,,,,,,,,,,,,,,,,,,,,,,,,,,,,,,,,,,,,,,,,,,,,,,,,,,,,,,,,,,,,,,,,,,,,,,,,,,,,,,,,,,,,,,,,,,,,,,,,,,,,,,,,,,,,,,,,,,,,,,,,,,,,,,,,,,,,,,,,,,,,,,,,,,,,,,,,,,,,,,,,,,,,,,,,,,,,,,,,,,,,,,,,,,,,,,,,,,,,,,,,,,,,,,,,,,,,,,,,,,,,,,,,,,,,,,,,,,,,,,,,,,,,,,,,,,,,,,,,,,,,,,,,,,,,,,,,,,,,,,,,,,,,,,,,,,,,,,,,,,,,,,,,,,,,,,,,,,,,,,,,,,,,,,,,,,,,,,,,,,,,,
WAG,21,7950.3050523204,7817.19058691515,-3887.48542425425,n/a,n/a,0.0866279,0.043972,0.0390894,0.0570451,0.0193078,0.0367281,0.0580589,0.0832518,0.0244313,0.048466,0.086209,0.0620286,0.0195027,0.0384319,0.0457631,0.0695179,0.0610127,0.0143859,0.0352742,0.0708956,,,,,,,,,,,,,,,,,,,,,,,,,,,,,,,,,,,,,,,,,,,,,,,,,,,,,,,,,,,,,,,,,,,,,,,,,,,,,,,,,,,,,,,,,,,,,,,,,,,,,,,,,,,,,,,,,,,,,,,,,,,,,,,,,,,,,,,,,,,,,,,,,,,,,,,,,,,,,,,,,,,,,,,,,,,,,,,,,,,,,,,,,,,,,,,,,,,,,,,,,,,,,,,,,,,,,,,,,,,,,,,,,,,,,,,,,,,,,,,,,,,,,,,,,,,,,,,,,,,,,,,,,,,,,,,,,,,,,,,,,,,,,,,,,,,,,,,,,,,,,,,,,,,,,,,,,,,,,,,,,,,,,,,,,,,,,,,,,,,,,,,,,,,,,,,,,,,,,,,,,,,,,,,,,,,,,,,,,,,,
rtREV+I,22,7958.94301819346,7819.50028970183,-3887.6297832905,0.217363969371594,n/a,0.0646,0.0453,0.0376,0.0422,0.0114,0.0606,0.0607,0.0639,0.0273,0.0679,0.1018,0.0751,0.015,0.0287,0.0681,0.0488,0.0622,0.0251,0.0318,0.0619,,,,,,,,,,,,,,,,,,,,,,,,,,,,,,,,,,,,,,,,,,,,,,,,,,,,,,,,,,,,,,,,,,,,,,,,,,,,,,,,,,,,,,,,,,,,,,,,,,,,,,,,,,,,,,,,,,,,,,,,,,,,,,,,,,,,,,,,,,,,,,,,,,,,,,,,,,,,,,,,,,,,,,,,,,,,,,,,,,,,,,,,,,,,,,,,,,,,,,,,,,,,,,,,,,,,,,,,,,,,,,,,,,,,,,,,,,,,,,,,,,,,,,,,,,,,,,,,,,,,,,,,,,,,,,,,,,,,,,,,,,,,,,,,,,,,,,,,,,,,,,,,,,,,,,,,,,,,,,,,,,,,,,,,,,,,,,,,,,,,,,,,,,,,,,,,,,,,,,,,,,,,,,,,,,,,,,,,,,,,
LG,21,7962.95616228795,7829.8416968827,-3893.81097923802,n/a,n/a,0.079066,0.055941,0.041977,0.053052,0.012937,0.040767,0.071586,0.057337,0.022355,0.062157,0.099081,0.0646,0.022951,0.042302,0.04404,0.061197,0.053287,0.012066,0.034155,0.069147,,,,,,,,,,,,,,,,,,,,,,,,,,,,,,,,,,,,,,,,,,,,,,,,,,,,,,,,,,,,,,,,,,,,,,,,,,,,,,,,,,,,,,,,,,,,,,,,,,,,,,,,,,,,,,,,,,,,,,,,,,,,,,,,,,,,,,,,,,,,,,,,,,,,,,,,,,,,,,,,,,,,,,,,,,,,,,,,,,,,,,,,,,,,,,,,,,,,,,,,,,,,,,,,,,,,,,,,,,,,,,,,,,,,,,,,,,,,,,,,,,,,,,,,,,,,,,,,,,,,,,,,,,,,,,,,,,,,,,,,,,,,,,,,,,,,,,,,,,,,,,,,,,,,,,,,,,,,,,,,,,,,,,,,,,,,,,,,,,,,,,,,,,,,,,,,,,,,,,,,,,,,,,,,,,,,,,,,,,,,
JTT,21,7963.21826438662,7830.10379898138,-3893.94203028736,n/a,n/a,0.0769,0.0511,0.0425,0.0513,0.0203,0.0411,0.0618,0.0747,0.023,0.0526,0.0911,0.0595,0.0234,0.0405,0.0505,0.0682,0.0585,0.0143,0.0323,0.0664,,,,,,,,,,,,,,,,,,,,,,,,,,,,,,,,,,,,,,,,,,,,,,,,,,,,,,,,,,,,,,,,,,,,,,,,,,,,,,,,,,,,,,,,,,,,,,,,,,,,,,,,,,,,,,,,,,,,,,,,,,,,,,,,,,,,,,,,,,,,,,,,,,,,,,,,,,,,,,,,,,,,,,,,,,,,,,,,,,,,,,,,,,,,,,,,,,,,,,,,,,,,,,,,,,,,,,,,,,,,,,,,,,,,,,,,,,,,,,,,,,,,,,,,,,,,,,,,,,,,,,,,,,,,,,,,,,,,,,,,,,,,,,,,,,,,,,,,,,,,,,,,,,,,,,,,,,,,,,,,,,,,,,,,,,,,,,,,,,,,,,,,,,,,,,,,,,,,,,,,,,,,,,,,,,,,,,,,,,,,
Dayhoff+G,22,7965.16673339112,7825.72400489948,-3890.74164088932,n/a,1.13071394872692,0.0871,0.0409,0.0404,0.0469,0.0335,0.0383,0.0495,0.0886,0.0336,0.0369,0.0854,0.0805,0.0148,0.0398,0.0507,0.0696,0.0585,0.0105,0.0299,0.0647,,,,,,,,,,,,,,,,,,,,,,,,,,,,,,,,,,,,,,,,,,,,,,,,,,,,,,,,,,,,,,,,,,,,,,,,,,,,,,,,,,,,,,,,,,,,,,,,,,,,,,,,,,,,,,,,,,,,,,,,,,,,,,,,,,,,,,,,,,,,,,,,,,,,,,,,,,,,,,,,,,,,,,,,,,,,,,,,,,,,,,,,,,,,,,,,,,,,,,,,,,,,,,,,,,,,,,,,,,,,,,,,,,,,,,,,,,,,,,,,,,,,,,,,,,,,,,,,,,,,,,,,,,,,,,,,,,,,,,,,,,,,,,,,,,,,,,,,,,,,,,,,,,,,,,,,,,,,,,,,,,,,,,,,,,,,,,,,,,,,,,,,,,,,,,,,,,,,,,,,,,,,,,,,,,,,,,,,,,,,
Dayhoff+G+I,23,7973.29134346777,7827.52131357651,-3890.62932202737,0.0597639091081296,1.42812110987231,0.0871,0.0409,0.0404,0.0469,0.0335,0.0383,0.0495,0.0886,0.0336,0.0369,0.0854,0.0805,0.0148,0.0398,0.0507,0.0696,0.0585,0.0105,0.0299,0.0647,,,,,,,,,,,,,,,,,,,,,,,,,,,,,,,,,,,,,,,,,,,,,,,,,,,,,,,,,,,,,,,,,,,,,,,,,,,,,,,,,,,,,,,,,,,,,,,,,,,,,,,,,,,,,,,,,,,,,,,,,,,,,,,,,,,,,,,,,,,,,,,,,,,,,,,,,,,,,,,,,,,,,,,,,,,,,,,,,,,,,,,,,,,,,,,,,,,,,,,,,,,,,,,,,,,,,,,,,,,,,,,,,,,,,,,,,,,,,,,,,,,,,,,,,,,,,,,,,,,,,,,,,,,,,,,,,,,,,,,,,,,,,,,,,,,,,,,,,,,,,,,,,,,,,,,,,,,,,,,,,,,,,,,,,,,,,,,,,,,,,,,,,,,,,,,,,,,,,,,,,,,,,,,,,,,,,,,,,,,,
Dayhoff+I,22,7994.89428023972,7855.45155174809,-3905.60541431362,0.214909635372196,n/a,0.0871,0.0409,0.0404,0.0469,0.0335,0.0383,0.0495,0.0886,0.0336,0.0369,0.0854,0.0805,0.0148,0.0398,0.0507,0.0696,0.0585,0.0105,0.0299,0.0647,,,,,,,,,,,,,,,,,,,,,,,,,,,,,,,,,,,,,,,,,,,,,,,,,,,,,,,,,,,,,,,,,,,,,,,,,,,,,,,,,,,,,,,,,,,,,,,,,,,,,,,,,,,,,,,,,,,,,,,,,,,,,,,,,,,,,,,,,,,,,,,,,,,,,,,,,,,,,,,,,,,,,,,,,,,,,,,,,,,,,,,,,,,,,,,,,,,,,,,,,,,,,,,,,,,,,,,,,,,,,,,,,,,,,,,,,,,,,,,,,,,,,,,,,,,,,,,,,,,,,,,,,,,,,,,,,,,,,,,,,,,,,,,,,,,,,,,,,,,,,,,,,,,,,,,,,,,,,,,,,,,,,,,,,,,,,,,,,,,,,,,,,,,,,,,,,,,,,,,,,,,,,,,,,,,,,,,,,,,,
cpREV,21,8014.98894090621,7881.87447550097,-3919.82736854715,n/a,n/a,0.0756,0.0621,0.041,0.0371,0.0091,0.0382,0.0495,0.0838,0.0246,0.0806,0.1011,0.0504,0.022,0.0506,0.0431,0.0622,0.0543,0.0181,0.0307,0.066,,,,,,,,,,,,,,,,,,,,,,,,,,,,,,,,,,,,,,,,,,,,,,,,,,,,,,,,,,,,,,,,,,,,,,,,,,,,,,,,,,,,,,,,,,,,,,,,,,,,,,,,,,,,,,,,,,,,,,,,,,,,,,,,,,,,,,,,,,,,,,,,,,,,,,,,,,,,,,,,,,,,,,,,,,,,,,,,,,,,,,,,,,,,,,,,,,,,,,,,,,,,,,,,,,,,,,,,,,,,,,,,,,,,,,,,,,,,,,,,,,,,,,,,,,,,,,,,,,,,,,,,,,,,,,,,,,,,,,,,,,,,,,,,,,,,,,,,,,,,,,,,,,,,,,,,,,,,,,,,,,,,,,,,,,,,,,,,,,,,,,,,,,,,,,,,,,,,,,,,,,,,,,,,,,,,,,,,,,,,
rtREV,21,8029.22269762637,7896.10823222113,-3926.94424690724,n/a,n/a,0.0646,0.0453,0.0376,0.0422,0.0114,0.0606,0.0607,0.0639,0.0273,0.0679,0.1018,0.0751,0.015,0.0287,0.0681,0.0488,0.0622,0.0251,0.0318,0.0619,,,,,,,,,,,,,,,,,,,,,,,,,,,,,,,,,,,,,,,,,,,,,,,,,,,,,,,,,,,,,,,,,,,,,,,,,,,,,,,,,,,,,,,,,,,,,,,,,,,,,,,,,,,,,,,,,,,,,,,,,,,,,,,,,,,,,,,,,,,,,,,,,,,,,,,,,,,,,,,,,,,,,,,,,,,,,,,,,,,,,,,,,,,,,,,,,,,,,,,,,,,,,,,,,,,,,,,,,,,,,,,,,,,,,,,,,,,,,,,,,,,,,,,,,,,,,,,,,,,,,,,,,,,,,,,,,,,,,,,,,,,,,,,,,,,,,,,,,,,,,,,,,,,,,,,,,,,,,,,,,,,,,,,,,,,,,,,,,,,,,,,,,,,,,,,,,,,,,,,,,,,,,,,,,,,,,,,,,,,,
LG+G+F,41,8031.29957766538,7771.80335691024,-3844.49020892107,n/a,1.18894934198868,0.0965223562810504,0.0231842914596641,0.0409273716583866,0.0581973030518098,0.018689377809321,0.0182162290040218,0.056777856635912,0.0761769576531819,0.0279157795126567,0.0555949846226638,0.101017269931393,0.0674237047551455,0.0395079252424888,0.0428199668795836,0.0551218358173646,0.0589070262597587,0.0430565412822333,0.011592145729832,0.0340667139815472,0.0742843624319849,,,,,,,,,,,,,,,,,,,,,,,,,,,,,,,,,,,,,,,,,,,,,,,,,,,,,,,,,,,,,,,,,,,,,,,,,,,,,,,,,,,,,,,,,,,,,,,,,,,,,,,,,,,,,,,,,,,,,,,,,,,,,,,,,,,,,,,,,,,,,,,,,,,,,,,,,,,,,,,,,,,,,,,,,,,,,,,,,,,,,,,,,,,,,,,,,,,,,,,,,,,,,,,,,,,,,,,,,,,,,,,,,,,,,,,,,,,,,,,,,,,,,,,,,,,,,,,,,,,,,,,,,,,,,,,,,,,,,,,,,,,,,,,,,,,,,,,,,,,,,,,,,,,,,,,,,,,,,,,,,,,,,,,,,,,,,,,,,,,,,,,,,,,,,,,,,,,,,,,,,,,,,,,,,,,,,,,,,,,,
LG+G+I+F,42,8040.09760566024,7774.29248675536,-3844.71459901822,0.0982413555004904,1.81320927476017,0.0965223562810504,0.0231842914596641,0.0409273716583866,0.0581973030518098,0.018689377809321,0.0182162290040218,0.056777856635912,0.0761769576531819,0.0279157795126567,0.0555949846226638,0.101017269931393,0.0674237047551455,0.0395079252424888,0.0428199668795836,0.0551218358173646,0.0589070262597587,0.0430565412822333,0.011592145729832,0.0340667139815472,0.0742843624319849,,,,,,,,,,,,,,,,,,,,,,,,,,,,,,,,,,,,,,,,,,,,,,,,,,,,,,,,,,,,,,,,,,,,,,,,,,,,,,,,,,,,,,,,,,,,,,,,,,,,,,,,,,,,,,,,,,,,,,,,,,,,,,,,,,,,,,,,,,,,,,,,,,,,,,,,,,,,,,,,,,,,,,,,,,,,,,,,,,,,,,,,,,,,,,,,,,,,,,,,,,,,,,,,,,,,,,,,,,,,,,,,,,,,,,,,,,,,,,,,,,,,,,,,,,,,,,,,,,,,,,,,,,,,,,,,,,,,,,,,,,,,,,,,,,,,,,,,,,,,,,,,,,,,,,,,,,,,,,,,,,,,,,,,,,,,,,,,,,,,,,,,,,,,,,,,,,,,,,,,,,,,,,,,,,,,,,,,,,,,
JTT+G+F,41,8049.23900329344,7789.7427825383,-3853.4599217351,n/a,1.2644868101813,0.0965223562810504,0.0231842914596641,0.0409273716583866,0.0581973030518098,0.018689377809321,0.0182162290040218,0.056777856635912,0.0761769576531819,0.0279157795126567,0.0555949846226638,0.101017269931393,0.0674237047551455,0.0395079252424888,0.0428199668795836,0.0551218358173646,0.0589070262597587,0.0430565412822333,0.011592145729832,0.0340667139815472,0.0742843624319849,,,,,,,,,,,,,,,,,,,,,,,,,,,,,,,,,,,,,,,,,,,,,,,,,,,,,,,,,,,,,,,,,,,,,,,,,,,,,,,,,,,,,,,,,,,,,,,,,,,,,,,,,,,,,,,,,,,,,,,,,,,,,,,,,,,,,,,,,,,,,,,,,,,,,,,,,,,,,,,,,,,,,,,,,,,,,,,,,,,,,,,,,,,,,,,,,,,,,,,,,,,,,,,,,,,,,,,,,,,,,,,,,,,,,,,,,,,,,,,,,,,,,,,,,,,,,,,,,,,,,,,,,,,,,,,,,,,,,,,,,,,,,,,,,,,,,,,,,,,,,,,,,,,,,,,,,,,,,,,,,,,,,,,,,,,,,,,,,,,,,,,,,,,,,,,,,,,,,,,,,,,,,,,,,,,,,,,,,,,,
LG+I+F,41,8053.73254071473,7794.2363199596,-3855.70669044575,0.22526579671963,n/a,0.0965223562810504,0.0231842914596641,0.0409273716583866,0.0581973030518098,0.018689377809321,0.0182162290040218,0.056777856635912,0.0761769576531819,0.0279157795126567,0.0555949846226638,0.101017269931393,0.0674237047551455,0.0395079252424888,0.0428199668795836,0.0551218358173646,0.0589070262597587,0.0430565412822333,0.011592145729832,0.0340667139815472,0.0742843624319849,,,,,,,,,,,,,,,,,,,,,,,,,,,,,,,,,,,,,,,,,,,,,,,,,,,,,,,,,,,,,,,,,,,,,,,,,,,,,,,,,,,,,,,,,,,,,,,,,,,,,,,,,,,,,,,,,,,,,,,,,,,,,,,,,,,,,,,,,,,,,,,,,,,,,,,,,,,,,,,,,,,,,,,,,,,,,,,,,,,,,,,,,,,,,,,,,,,,,,,,,,,,,,,,,,,,,,,,,,,,,,,,,,,,,,,,,,,,,,,,,,,,,,,,,,,,,,,,,,,,,,,,,,,,,,,,,,,,,,,,,,,,,,,,,,,,,,,,,,,,,,,,,,,,,,,,,,,,,,,,,,,,,,,,,,,,,,,,,,,,,,,,,,,,,,,,,,,,,,,,,,,,,,,,,,,,,,,,,,,,
WAG+G+F,41,8054.48387652145,7794.98765576631,-3856.0823583491,n/a,1.34019815055891,0.0965223562810504,0.0231842914596641,0.0409273716583866,0.0581973030518098,0.018689377809321,0.0182162290040218,0.056777856635912,0.0761769576531819,0.0279157795126567,0.0555949846226638,0.101017269931393,0.0674237047551455,0.0395079252424888,0.0428199668795836,0.0551218358173646,0.0589070262597587,0.0430565412822333,0.011592145729832,0.0340667139815472,0.0742843624319849,,,,,,,,,,,,,,,,,,,,,,,,,,,,,,,,,,,,,,,,,,,,,,,,,,,,,,,,,,,,,,,,,,,,,,,,,,,,,,,,,,,,,,,,,,,,,,,,,,,,,,,,,,,,,,,,,,,,,,,,,,,,,,,,,,,,,,,,,,,,,,,,,,,,,,,,,,,,,,,,,,,,,,,,,,,,,,,,,,,,,,,,,,,,,,,,,,,,,,,,,,,,,,,,,,,,,,,,,,,,,,,,,,,,,,,,,,,,,,,,,,,,,,,,,,,,,,,,,,,,,,,,,,,,,,,,,,,,,,,,,,,,,,,,,,,,,,,,,,,,,,,,,,,,,,,,,,,,,,,,,,,,,,,,,,,,,,,,,,,,,,,,,,,,,,,,,,,,,,,,,,,,,,,,,,,,,,,,,,,,
JTT+G+I+F,42,8058.35768865087,7792.55256974599,-3853.84464051353,0.0877768778274948,1.84943094860872,0.0965223562810504,0.0231842914596641,0.0409273716583866,0.0581973030518098,0.018689377809321,0.0182162290040218,0.056777856635912,0.0761769576531819,0.0279157795126567,0.0555949846226638,0.101017269931393,0.0674237047551455,0.0395079252424888,0.0428199668795836,0.0551218358173646,0.0589070262597587,0.0430565412822333,0.011592145729832,0.0340667139815472,0.0742843624319849,,,,,,,,,,,,,,,,,,,,,,,,,,,,,,,,,,,,,,,,,,,,,,,,,,,,,,,,,,,,,,,,,,,,,,,,,,,,,,,,,,,,,,,,,,,,,,,,,,,,,,,,,,,,,,,,,,,,,,,,,,,,,,,,,,,,,,,,,,,,,,,,,,,,,,,,,,,,,,,,,,,,,,,,,,,,,,,,,,,,,,,,,,,,,,,,,,,,,,,,,,,,,,,,,,,,,,,,,,,,,,,,,,,,,,,,,,,,,,,,,,,,,,,,,,,,,,,,,,,,,,,,,,,,,,,,,,,,,,,,,,,,,,,,,,,,,,,,,,,,,,,,,,,,,,,,,,,,,,,,,,,,,,,,,,,,,,,,,,,,,,,,,,,,,,,,,,,,,,,,,,,,,,,,,,,,,,,,,,,,
WAG+G+I+F,42,8061.13087062033,7795.32575171545,-3855.23123149826,0.127479300878372,2.53927363111489,0.0965223562810504,0.0231842914596641,0.0409273716583866,0.0581973030518098,0.018689377809321,0.0182162290040218,0.056777856635912,0.0761769576531819,0.0279157795126567,0.0555949846226638,0.101017269931393,0.0674237047551455,0.0395079252424888,0.0428199668795836,0.0551218358173646,0.0589070262597587,0.0430565412822333,0.011592145729832,0.0340667139815472,0.0742843624319849,,,,,,,,,,,,,,,,,,,,,,,,,,,,,,,,,,,,,,,,,,,,,,,,,,,,,,,,,,,,,,,,,,,,,,,,,,,,,,,,,,,,,,,,,,,,,,,,,,,,,,,,,,,,,,,,,,,,,,,,,,,,,,,,,,,,,,,,,,,,,,,,,,,,,,,,,,,,,,,,,,,,,,,,,,,,,,,,,,,,,,,,,,,,,,,,,,,,,,,,,,,,,,,,,,,,,,,,,,,,,,,,,,,,,,,,,,,,,,,,,,,,,,,,,,,,,,,,,,,,,,,,,,,,,,,,,,,,,,,,,,,,,,,,,,,,,,,,,,,,,,,,,,,,,,,,,,,,,,,,,,,,,,,,,,,,,,,,,,,,,,,,,,,,,,,,,,,,,,,,,,,,,,,,,,,,,,,,,,,,
cpREV+G+F,41,8063.68318529684,7804.18696454171,-3860.6820127368,n/a,1.34643927803035,0.0965223562810504,0.0231842914596641,0.0409273716583866,0.0581973030518098,0.018689377809321,0.0182162290040218,0.056777856635912,0.0761769576531819,0.0279157795126567,0.0555949846226638,0.101017269931393,0.0674237047551455,0.0395079252424888,0.0428199668795836,0.0551218358173646,0.0589070262597587,0.0430565412822333,0.011592145729832,0.0340667139815472,0.0742843624319849,,,,,,,,,,,,,,,,,,,,,,,,,,,,,,,,,,,,,,,,,,,,,,,,,,,,,,,,,,,,,,,,,,,,,,,,,,,,,,,,,,,,,,,,,,,,,,,,,,,,,,,,,,,,,,,,,,,,,,,,,,,,,,,,,,,,,,,,,,,,,,,,,,,,,,,,,,,,,,,,,,,,,,,,,,,,,,,,,,,,,,,,,,,,,,,,,,,,,,,,,,,,,,,,,,,,,,,,,,,,,,,,,,,,,,,,,,,,,,,,,,,,,,,,,,,,,,,,,,,,,,,,,,,,,,,,,,,,,,,,,,,,,,,,,,,,,,,,,,,,,,,,,,,,,,,,,,,,,,,,,,,,,,,,,,,,,,,,,,,,,,,,,,,,,,,,,,,,,,,,,,,,,,,,,,,,,,,,,,,,
WAG+I+F,41,8065.83549106091,7806.33927030577,-3861.75816561883,0.222210915068405,n/a,0.0965223562810504,0.0231842914596641,0.0409273716583866,0.0581973030518098,0.018689377809321,0.0182162290040218,0.056777856635912,0.0761769576531819,0.0279157795126567,0.0555949846226638,0.101017269931393,0.0674237047551455,0.0395079252424888,0.0428199668795836,0.0551218358173646,0.0589070262597587,0.0430565412822333,0.011592145729832,0.0340667139815472,0.0742843624319849,,,,,,,,,,,,,,,,,,,,,,,,,,,,,,,,,,,,,,,,,,,,,,,,,,,,,,,,,,,,,,,,,,,,,,,,,,,,,,,,,,,,,,,,,,,,,,,,,,,,,,,,,,,,,,,,,,,,,,,,,,,,,,,,,,,,,,,,,,,,,,,,,,,,,,,,,,,,,,,,,,,,,,,,,,,,,,,,,,,,,,,,,,,,,,,,,,,,,,,,,,,,,,,,,,,,,,,,,,,,,,,,,,,,,,,,,,,,,,,,,,,,,,,,,,,,,,,,,,,,,,,,,,,,,,,,,,,,,,,,,,,,,,,,,,,,,,,,,,,,,,,,,,,,,,,,,,,,,,,,,,,,,,,,,,,,,,,,,,,,,,,,,,,,,,,,,,,,,,,,,,,,,,,,,,,,,,,,,,,,
Dayhoff,21,8069.2291809091,7936.11471550386,-3946.9474885486,n/a,n/a,0.0871,0.0409,0.0404,0.0469,0.0335,0.0383,0.0495,0.0886,0.0336,0.0369,0.0854,0.0805,0.0148,0.0398,0.0507,0.0696,0.0585,0.0105,0.0299,0.0647,,,,,,,,,,,,,,,,,,,,,,,,,,,,,,,,,,,,,,,,,,,,,,,,,,,,,,,,,,,,,,,,,,,,,,,,,,,,,,,,,,,,,,,,,,,,,,,,,,,,,,,,,,,,,,,,,,,,,,,,,,,,,,,,,,,,,,,,,,,,,,,,,,,,,,,,,,,,,,,,,,,,,,,,,,,,,,,,,,,,,,,,,,,,,,,,,,,,,,,,,,,,,,,,,,,,,,,,,,,,,,,,,,,,,,,,,,,,,,,,,,,,,,,,,,,,,,,,,,,,,,,,,,,,,,,,,,,,,,,,,,,,,,,,,,,,,,,,,,,,,,,,,,,,,,,,,,,,,,,,,,,,,,,,,,,,,,,,,,,,,,,,,,,,,,,,,,,,,,,,,,,,,,,,,,,,,,,,,,,,
JTT+I+F,41,8069.3258953592,7809.82967460406,-3863.50336776798,0.220478070168586,n/a,0.0965223562810504,0.0231842914596641,0.0409273716583866,0.0581973030518098,0.018689377809321,0.0182162290040218,0.056777856635912,0.0761769576531819,0.0279157795126567,0.0555949846226638,0.101017269931393,0.0674237047551455,0.0395079252424888,0.0428199668795836,0.0551218358173646,0.0589070262597587,0.0430565412822333,0.011592145729832,0.0340667139815472,0.0742843624319849,,,,,,,,,,,,,,,,,,,,,,,,,,,,,,,,,,,,,,,,,,,,,,,,,,,,,,,,,,,,,,,,,,,,,,,,,,,,,,,,,,,,,,,,,,,,,,,,,,,,,,,,,,,,,,,,,,,,,,,,,,,,,,,,,,,,,,,,,,,,,,,,,,,,,,,,,,,,,,,,,,,,,,,,,,,,,,,,,,,,,,,,,,,,,,,,,,,,,,,,,,,,,,,,,,,,,,,,,,,,,,,,,,,,,,,,,,,,,,,,,,,,,,,,,,,,,,,,,,,,,,,,,,,,,,,,,,,,,,,,,,,,,,,,,,,,,,,,,,,,,,,,,,,,,,,,,,,,,,,,,,,,,,,,,,,,,,,,,,,,,,,,,,,,,,,,,,,,,,,,,,,,,,,,,,,,,,,,,,,,
cpREV+G+I+F,42,8072.05529973645,7806.25018083158,-3860.69344605632,0.142783656091375,2.88107543938803,0.0965223562810504,0.0231842914596641,0.0409273716583866,0.0581973030518098,0.018689377809321,0.0182162290040218,0.056777856635912,0.0761769576531819,0.0279157795126567,0.0555949846226638,0.101017269931393,0.0674237047551455,0.0395079252424888,0.0428199668795836,0.0551218358173646,0.0589070262597587,0.0430565412822333,0.011592145729832,0.0340667139815472,0.0742843624319849,,,,,,,,,,,,,,,,,,,,,,,,,,,,,,,,,,,,,,,,,,,,,,,,,,,,,,,,,,,,,,,,,,,,,,,,,,,,,,,,,,,,,,,,,,,,,,,,,,,,,,,,,,,,,,,,,,,,,,,,,,,,,,,,,,,,,,,,,,,,,,,,,,,,,,,,,,,,,,,,,,,,,,,,,,,,,,,,,,,,,,,,,,,,,,,,,,,,,,,,,,,,,,,,,,,,,,,,,,,,,,,,,,,,,,,,,,,,,,,,,,,,,,,,,,,,,,,,,,,,,,,,,,,,,,,,,,,,,,,,,,,,,,,,,,,,,,,,,,,,,,,,,,,,,,,,,,,,,,,,,,,,,,,,,,,,,,,,,,,,,,,,,,,,,,,,,,,,,,,,,,,,,,,,,,,,,,,,,,,,
rtREV+G+F,41,8072.55716814194,7813.0609473868,-3865.11900415935,n/a,1.19635025856757,0.0965223562810504,0.0231842914596641,0.0409273716583866,0.0581973030518098,0.018689377809321,0.0182162290040218,0.056777856635912,0.0761769576531819,0.0279157795126567,0.0555949846226638,0.101017269931393,0.0674237047551455,0.0395079252424888,0.0428199668795836,0.0551218358173646,0.0589070262597587,0.0430565412822333,0.011592145729832,0.0340667139815472,0.0742843624319849,,,,,,,,,,,,,,,,,,,,,,,,,,,,,,,,,,,,,,,,,,,,,,,,,,,,,,,,,,,,,,,,,,,,,,,,,,,,,,,,,,,,,,,,,,,,,,,,,,,,,,,,,,,,,,,,,,,,,,,,,,,,,,,,,,,,,,,,,,,,,,,,,,,,,,,,,,,,,,,,,,,,,,,,,,,,,,,,,,,,,,,,,,,,,,,,,,,,,,,,,,,,,,,,,,,,,,,,,,,,,,,,,,,,,,,,,,,,,,,,,,,,,,,,,,,,,,,,,,,,,,,,,,,,,,,,,,,,,,,,,,,,,,,,,,,,,,,,,,,,,,,,,,,,,,,,,,,,,,,,,,,,,,,,,,,,,,,,,,,,,,,,,,,,,,,,,,,,,,,,,,,,,,,,,,,,,,,,,,,,
cpREV+I+F,41,8078.32126242142,7818.82504166629,-3868.00105129909,0.208497676130207,n/a,0.0965223562810504,0.0231842914596641,0.0409273716583866,0.0581973030518098,0.018689377809321,0.0182162290040218,0.056777856635912,0.0761769576531819,0.0279157795126567,0.0555949846226638,0.101017269931393,0.0674237047551455,0.0395079252424888,0.0428199668795836,0.0551218358173646,0.0589070262597587,0.0430565412822333,0.011592145729832,0.0340667139815472,0.0742843624319849,,,,,,,,,,,,,,,,,,,,,,,,,,,,,,,,,,,,,,,,,,,,,,,,,,,,,,,,,,,,,,,,,,,,,,,,,,,,,,,,,,,,,,,,,,,,,,,,,,,,,,,,,,,,,,,,,,,,,,,,,,,,,,,,,,,,,,,,,,,,,,,,,,,,,,,,,,,,,,,,,,,,,,,,,,,,,,,,,,,,,,,,,,,,,,,,,,,,,,,,,,,,,,,,,,,,,,,,,,,,,,,,,,,,,,,,,,,,,,,,,,,,,,,,,,,,,,,,,,,,,,,,,,,,,,,,,,,,,,,,,,,,,,,,,,,,,,,,,,,,,,,,,,,,,,,,,,,,,,,,,,,,,,,,,,,,,,,,,,,,,,,,,,,,,,,,,,,,,,,,,,,,,,,,,,,,,,,,,,,,
rtREV+G+I+F,42,8081.58541579093,7815.78029688605,-3865.45850408356,0.0846123249274477,1.71125534350842,0.0965223562810504,0.0231842914596641,0.0409273716583866,0.0581973030518098,0.018689377809321,0.0182162290040218,0.056777856635912,0.0761769576531819,0.0279157795126567,0.0555949846226638,0.101017269931393,0.0674237047551455,0.0395079252424888,0.0428199668795836,0.0551218358173646,0.0589070262597587,0.0430565412822333,0.011592145729832,0.0340667139815472,0.0742843624319849,,,,,,,,,,,,,,,,,,,,,,,,,,,,,,,,,,,,,,,,,,,,,,,,,,,,,,,,,,,,,,,,,,,,,,,,,,,,,,,,,,,,,,,,,,,,,,,,,,,,,,,,,,,,,,,,,,,,,,,,,,,,,,,,,,,,,,,,,,,,,,,,,,,,,,,,,,,,,,,,,,,,,,,,,,,,,,,,,,,,,,,,,,,,,,,,,,,,,,,,,,,,,,,,,,,,,,,,,,,,,,,,,,,,,,,,,,,,,,,,,,,,,,,,,,,,,,,,,,,,,,,,,,,,,,,,,,,,,,,,,,,,,,,,,,,,,,,,,,,,,,,,,,,,,,,,,,,,,,,,,,,,,,,,,,,,,,,,,,,,,,,,,,,,,,,,,,,,,,,,,,,,,,,,,,,,,,,,,,,,
rtREV+I+F,41,8097.29923279959,7837.80301204446,-3877.49003648818,0.219049448927906,n/a,0.0965223562810504,0.0231842914596641,0.0409273716583866,0.0581973030518098,0.018689377809321,0.0182162290040218,0.056777856635912,0.0761769576531819,0.0279157795126567,0.0555949846226638,0.101017269931393,0.0674237047551455,0.0395079252424888,0.0428199668795836,0.0551218358173646,0.0589070262597587,0.0430565412822333,0.011592145729832,0.0340667139815472,0.0742843624319849,,,,,,,,,,,,,,,,,,,,,,,,,,,,,,,,,,,,,,,,,,,,,,,,,,,,,,,,,,,,,,,,,,,,,,,,,,,,,,,,,,,,,,,,,,,,,,,,,,,,,,,,,,,,,,,,,,,,,,,,,,,,,,,,,,,,,,,,,,,,,,,,,,,,,,,,,,,,,,,,,,,,,,,,,,,,,,,,,,,,,,,,,,,,,,,,,,,,,,,,,,,,,,,,,,,,,,,,,,,,,,,,,,,,,,,,,,,,,,,,,,,,,,,,,,,,,,,,,,,,,,,,,,,,,,,,,,,,,,,,,,,,,,,,,,,,,,,,,,,,,,,,,,,,,,,,,,,,,,,,,,,,,,,,,,,,,,,,,,,,,,,,,,,,,,,,,,,,,,,,,,,,,,,,,,,,,,,,,,,,
LG+F,40,8124.68434981571,7871.49800205486,-3895.35721889652,n/a,n/a,0.0965223562810504,0.0231842914596641,0.0409273716583866,0.0581973030518098,0.018689377809321,0.0182162290040218,0.056777856635912,0.0761769576531819,0.0279157795126567,0.0555949846226638,0.101017269931393,0.0674237047551455,0.0395079252424888,0.0428199668795836,0.0551218358173646,0.0589070262597587,0.0430565412822333,0.011592145729832,0.0340667139815472,0.0742843624319849,,,,,,,,,,,,,,,,,,,,,,,,,,,,,,,,,,,,,,,,,,,,,,,,,,,,,,,,,,,,,,,,,,,,,,,,,,,,,,,,,,,,,,,,,,,,,,,,,,,,,,,,,,,,,,,,,,,,,,,,,,,,,,,,,,,,,,,,,,,,,,,,,,,,,,,,,,,,,,,,,,,,,,,,,,,,,,,,,,,,,,,,,,,,,,,,,,,,,,,,,,,,,,,,,,,,,,,,,,,,,,,,,,,,,,,,,,,,,,,,,,,,,,,,,,,,,,,,,,,,,,,,,,,,,,,,,,,,,,,,,,,,,,,,,,,,,,,,,,,,,,,,,,,,,,,,,,,,,,,,,,,,,,,,,,,,,,,,,,,,,,,,,,,,,,,,,,,,,,,,,,,,,,,,,,,,,,,,,,,,
WAG+F,40,8129.36674394679,7876.18039618594,-3897.69841596206,n/a,n/a,0.0965223562810504,0.0231842914596641,0.0409273716583866,0.0581973030518098,0.018689377809321,0.0182162290040218,0.056777856635912,0.0761769576531819,0.0279157795126567,0.0555949846226638,0.101017269931393,0.0674237047551455,0.0395079252424888,0.0428199668795836,0.0551218358173646,0.0589070262597587,0.0430565412822333,0.011592145729832,0.0340667139815472,0.0742843624319849,,,,,,,,,,,,,,,,,,,,,,,,,,,,,,,,,,,,,,,,,,,,,,,,,,,,,,,,,,,,,,,,,,,,,,,,,,,,,,,,,,,,,,,,,,,,,,,,,,,,,,,,,,,,,,,,,,,,,,,,,,,,,,,,,,,,,,,,,,,,,,,,,,,,,,,,,,,,,,,,,,,,,,,,,,,,,,,,,,,,,,,,,,,,,,,,,,,,,,,,,,,,,,,,,,,,,,,,,,,,,,,,,,,,,,,,,,,,,,,,,,,,,,,,,,,,,,,,,,,,,,,,,,,,,,,,,,,,,,,,,,,,,,,,,,,,,,,,,,,,,,,,,,,,,,,,,,,,,,,,,,,,,,,,,,,,,,,,,,,,,,,,,,,,,,,,,,,,,,,,,,,,,,,,,,,,,,,,,,,,
JTT+F,40,8131.11812869564,7877.93178093479,-3898.57410833648,n/a,n/a,0.0965223562810504,0.0231842914596641,0.0409273716583866,0.0581973030518098,0.018689377809321,0.0182162290040218,0.056777856635912,0.0761769576531819,0.0279157795126567,0.0555949846226638,0.101017269931393,0.0674237047551455,0.0395079252424888,0.0428199668795836,0.0551218358173646,0.0589070262597587,0.0430565412822333,0.011592145729832,0.0340667139815472,0.0742843624319849,,,,,,,,,,,,,,,,,,,,,,,,,,,,,,,,,,,,,,,,,,,,,,,,,,,,,,,,,,,,,,,,,,,,,,,,,,,,,,,,,,,,,,,,,,,,,,,,,,,,,,,,,,,,,,,,,,,,,,,,,,,,,,,,,,,,,,,,,,,,,,,,,,,,,,,,,,,,,,,,,,,,,,,,,,,,,,,,,,,,,,,,,,,,,,,,,,,,,,,,,,,,,,,,,,,,,,,,,,,,,,,,,,,,,,,,,,,,,,,,,,,,,,,,,,,,,,,,,,,,,,,,,,,,,,,,,,,,,,,,,,,,,,,,,,,,,,,,,,,,,,,,,,,,,,,,,,,,,,,,,,,,,,,,,,,,,,,,,,,,,,,,,,,,,,,,,,,,,,,,,,,,,,,,,,,,,,,,,,,,
Dayhoff+G+F,41,8133.07762669785,7873.58140594271,-3895.3792334373,n/a,1.10994531417812,0.0965223562810504,0.0231842914596641,0.0409273716583866,0.0581973030518098,0.018689377809321,0.0182162290040218,0.056777856635912,0.0761769576531819,0.0279157795126567,0.0555949846226638,0.101017269931393,0.0674237047551455,0.0395079252424888,0.0428199668795836,0.0551218358173646,0.0589070262597587,0.0430565412822333,0.011592145729832,0.0340667139815472,0.0742843624319849,,,,,,,,,,,,,,,,,,,,,,,,,,,,,,,,,,,,,,,,,,,,,,,,,,,,,,,,,,,,,,,,,,,,,,,,,,,,,,,,,,,,,,,,,,,,,,,,,,,,,,,,,,,,,,,,,,,,,,,,,,,,,,,,,,,,,,,,,,,,,,,,,,,,,,,,,,,,,,,,,,,,,,,,,,,,,,,,,,,,,,,,,,,,,,,,,,,,,,,,,,,,,,,,,,,,,,,,,,,,,,,,,,,,,,,,,,,,,,,,,,,,,,,,,,,,,,,,,,,,,,,,,,,,,,,,,,,,,,,,,,,,,,,,,,,,,,,,,,,,,,,,,,,,,,,,,,,,,,,,,,,,,,,,,,,,,,,,,,,,,,,,,,,,,,,,,,,,,,,,,,,,,,,,,,,,,,,,,,,,
Dayhoff+G+I+F,42,8141.10846819035,7875.30334928547,-3895.22003028327,0.0686258545717985,1.45022907005738,0.0965223562810504,0.0231842914596641,0.0409273716583866,0.0581973030518098,0.018689377809321,0.0182162290040218,0.056777856635912,0.0761769576531819,0.0279157795126567,0.0555949846226638,0.101017269931393,0.0674237047551455,0.0395079252424888,0.0428199668795836,0.0551218358173646,0.0589070262597587,0.0430565412822333,0.011592145729832,0.0340667139815472,0.0742843624319849,,,,,,,,,,,,,,,,,,,,,,,,,,,,,,,,,,,,,,,,,,,,,,,,,,,,,,,,,,,,,,,,,,,,,,,,,,,,,,,,,,,,,,,,,,,,,,,,,,,,,,,,,,,,,,,,,,,,,,,,,,,,,,,,,,,,,,,,,,,,,,,,,,,,,,,,,,,,,,,,,,,,,,,,,,,,,,,,,,,,,,,,,,,,,,,,,,,,,,,,,,,,,,,,,,,,,,,,,,,,,,,,,,,,,,,,,,,,,,,,,,,,,,,,,,,,,,,,,,,,,,,,,,,,,,,,,,,,,,,,,,,,,,,,,,,,,,,,,,,,,,,,,,,,,,,,,,,,,,,,,,,,,,,,,,,,,,,,,,,,,,,,,,,,,,,,,,,,,,,,,,,,,,,,,,,,,,,,,,,,
cpREV+F,40,8141.43272069107,7888.24637293023,-3903.7314043342,n/a,n/a,0.0965223562810504,0.0231842914596641,0.0409273716583866,0.0581973030518098,0.018689377809321,0.0182162290040218,0.056777856635912,0.0761769576531819,0.0279157795126567,0.0555949846226638,0.101017269931393,0.0674237047551455,0.0395079252424888,0.0428199668795836,0.0551218358173646,0.0589070262597587,0.0430565412822333,0.011592145729832,0.0340667139815472,0.0742843624319849,,,,,,,,,,,,,,,,,,,,,,,,,,,,,,,,,,,,,,,,,,,,,,,,,,,,,,,,,,,,,,,,,,,,,,,,,,,,,,,,,,,,,,,,,,,,,,,,,,,,,,,,,,,,,,,,,,,,,,,,,,,,,,,,,,,,,,,,,,,,,,,,,,,,,,,,,,,,,,,,,,,,,,,,,,,,,,,,,,,,,,,,,,,,,,,,,,,,,,,,,,,,,,,,,,,,,,,,,,,,,,,,,,,,,,,,,,,,,,,,,,,,,,,,,,,,,,,,,,,,,,,,,,,,,,,,,,,,,,,,,,,,,,,,,,,,,,,,,,,,,,,,,,,,,,,,,,,,,,,,,,,,,,,,,,,,,,,,,,,,,,,,,,,,,,,,,,,,,,,,,,,,,,,,,,,,,,,,,,,,
mtREV24+G+F,41,8154.6990964623,7895.20287570716,-3906.18996831953,n/a,1.06086182474527,0.0965223562810504,0.0231842914596641,0.0409273716583866,0.0581973030518098,0.018689377809321,0.0182162290040218,0.056777856635912,0.0761769576531819,0.0279157795126567,0.0555949846226638,0.101017269931393,0.0674237047551455,0.0395079252424888,0.0428199668795836,0.0551218358173646,0.0589070262597587,0.0430565412822333,0.011592145729832,0.0340667139815472,0.0742843624319849,,,,,,,,,,,,,,,,,,,,,,,,,,,,,,,,,,,,,,,,,,,,,,,,,,,,,,,,,,,,,,,,,,,,,,,,,,,,,,,,,,,,,,,,,,,,,,,,,,,,,,,,,,,,,,,,,,,,,,,,,,,,,,,,,,,,,,,,,,,,,,,,,,,,,,,,,,,,,,,,,,,,,,,,,,,,,,,,,,,,,,,,,,,,,,,,,,,,,,,,,,,,,,,,,,,,,,,,,,,,,,,,,,,,,,,,,,,,,,,,,,,,,,,,,,,,,,,,,,,,,,,,,,,,,,,,,,,,,,,,,,,,,,,,,,,,,,,,,,,,,,,,,,,,,,,,,,,,,,,,,,,,,,,,,,,,,,,,,,,,,,,,,,,,,,,,,,,,,,,,,,,,,,,,,,,,,,,,,,,,
Dayhoff+I+F,41,8161.8020904154,7902.30586966026,-3909.74146529608,0.221893112556743,n/a,0.0965223562810504,0.0231842914596641,0.0409273716583866,0.0581973030518098,0.018689377809321,0.0182162290040218,0.056777856635912,0.0761769576531819,0.0279157795126567,0.0555949846226638,0.101017269931393,0.0674237047551455,0.0395079252424888,0.0428199668795836,0.0551218358173646,0.0589070262597587,0.0430565412822333,0.011592145729832,0.0340667139815472,0.0742843624319849,,,,,,,,,,,,,,,,,,,,,,,,,,,,,,,,,,,,,,,,,,,,,,,,,,,,,,,,,,,,,,,,,,,,,,,,,,,,,,,,,,,,,,,,,,,,,,,,,,,,,,,,,,,,,,,,,,,,,,,,,,,,,,,,,,,,,,,,,,,,,,,,,,,,,,,,,,,,,,,,,,,,,,,,,,,,,,,,,,,,,,,,,,,,,,,,,,,,,,,,,,,,,,,,,,,,,,,,,,,,,,,,,,,,,,,,,,,,,,,,,,,,,,,,,,,,,,,,,,,,,,,,,,,,,,,,,,,,,,,,,,,,,,,,,,,,,,,,,,,,,,,,,,,,,,,,,,,,,,,,,,,,,,,,,,,,,,,,,,,,,,,,,,,,,,,,,,,,,,,,,,,,,,,,,,,,,,,,,,,,
mtREV24+G+I+F,42,8162.83186149329,7897.02674258841,-3906.08172693474,0.0569049433777593,1.32413025253033,0.0965223562810504,0.0231842914596641,0.0409273716583866,0.0581973030518098,0.018689377809321,0.0182162290040218,0.056777856635912,0.0761769576531819,0.0279157795126567,0.0555949846226638,0.101017269931393,0.0674237047551455,0.0395079252424888,0.0428199668795836,0.0551218358173646,0.0589070262597587,0.0430565412822333,0.011592145729832,0.0340667139815472,0.0742843624319849,,,,,,,,,,,,,,,,,,,,,,,,,,,,,,,,,,,,,,,,,,,,,,,,,,,,,,,,,,,,,,,,,,,,,,,,,,,,,,,,,,,,,,,,,,,,,,,,,,,,,,,,,,,,,,,,,,,,,,,,,,,,,,,,,,,,,,,,,,,,,,,,,,,,,,,,,,,,,,,,,,,,,,,,,,,,,,,,,,,,,,,,,,,,,,,,,,,,,,,,,,,,,,,,,,,,,,,,,,,,,,,,,,,,,,,,,,,,,,,,,,,,,,,,,,,,,,,,,,,,,,,,,,,,,,,,,,,,,,,,,,,,,,,,,,,,,,,,,,,,,,,,,,,,,,,,,,,,,,,,,,,,,,,,,,,,,,,,,,,,,,,,,,,,,,,,,,,,,,,,,,,,,,,,,,,,,,,,,,,,
rtREV+F,40,8166.24817085242,7913.06182309157,-3916.13912941487,n/a,n/a,0.0965223562810504,0.0231842914596641,0.0409273716583866,0.0581973030518098,0.018689377809321,0.0182162290040218,0.056777856635912,0.0761769576531819,0.0279157795126567,0.0555949846226638,0.101017269931393,0.0674237047551455,0.0395079252424888,0.0428199668795836,0.0551218358173646,0.0589070262597587,0.0430565412822333,0.011592145729832,0.0340667139815472,0.0742843624319849,,,,,,,,,,,,,,,,,,,,,,,,,,,,,,,,,,,,,,,,,,,,,,,,,,,,,,,,,,,,,,,,,,,,,,,,,,,,,,,,,,,,,,,,,,,,,,,,,,,,,,,,,,,,,,,,,,,,,,,,,,,,,,,,,,,,,,,,,,,,,,,,,,,,,,,,,,,,,,,,,,,,,,,,,,,,,,,,,,,,,,,,,,,,,,,,,,,,,,,,,,,,,,,,,,,,,,,,,,,,,,,,,,,,,,,,,,,,,,,,,,,,,,,,,,,,,,,,,,,,,,,,,,,,,,,,,,,,,,,,,,,,,,,,,,,,,,,,,,,,,,,,,,,,,,,,,,,,,,,,,,,,,,,,,,,,,,,,,,,,,,,,,,,,,,,,,,,,,,,,,,,,,,,,,,,,,,,,,,,,
mtREV24+I+F,41,8193.82964851431,7934.33342775917,-3925.75524434553,0.208373686519443,n/a,0.0965223562810504,0.0231842914596641,0.0409273716583866,0.0581973030518098,0.018689377809321,0.0182162290040218,0.056777856635912,0.0761769576531819,0.0279157795126567,0.0555949846226638,0.101017269931393,0.0674237047551455,0.0395079252424888,0.0428199668795836,0.0551218358173646,0.0589070262597587,0.0430565412822333,0.011592145729832,0.0340667139815472,0.0742843624319849,,,,,,,,,,,,,,,,,,,,,,,,,,,,,,,,,,,,,,,,,,,,,,,,,,,,,,,,,,,,,,,,,,,,,,,,,,,,,,,,,,,,,,,,,,,,,,,,,,,,,,,,,,,,,,,,,,,,,,,,,,,,,,,,,,,,,,,,,,,,,,,,,,,,,,,,,,,,,,,,,,,,,,,,,,,,,,,,,,,,,,,,,,,,,,,,,,,,,,,,,,,,,,,,,,,,,,,,,,,,,,,,,,,,,,,,,,,,,,,,,,,,,,,,,,,,,,,,,,,,,,,,,,,,,,,,,,,,,,,,,,,,,,,,,,,,,,,,,,,,,,,,,,,,,,,,,,,,,,,,,,,,,,,,,,,,,,,,,,,,,,,,,,,,,,,,,,,,,,,,,,,,,,,,,,,,,,,,,,,,
mtREV24+G,22,8225.93384099038,8086.49111249875,-4021.12519468895,n/a,0.913623617728837,0.072,0.019,0.039,0.019,0.006,0.025,0.024,0.056,0.028,0.087,0.168,0.023,0.053,0.06,0.055,0.072,0.088,0.029,0.033,0.044,,,,,,,,,,,,,,,,,,,,,,,,,,,,,,,,,,,,,,,,,,,,,,,,,,,,,,,,,,,,,,,,,,,,,,,,,,,,,,,,,,,,,,,,,,,,,,,,,,,,,,,,,,,,,,,,,,,,,,,,,,,,,,,,,,,,,,,,,,,,,,,,,,,,,,,,,,,,,,,,,,,,,,,,,,,,,,,,,,,,,,,,,,,,,,,,,,,,,,,,,,,,,,,,,,,,,,,,,,,,,,,,,,,,,,,,,,,,,,,,,,,,,,,,,,,,,,,,,,,,,,,,,,,,,,,,,,,,,,,,,,,,,,,,,,,,,,,,,,,,,,,,,,,,,,,,,,,,,,,,,,,,,,,,,,,,,,,,,,,,,,,,,,,,,,,,,,,,,,,,,,,,,,,,,,,,,,,,,,,,
mtREV24+G+I,23,8235.47643701214,8089.70640712088,-4021.72186879955,0,0.913722390012926,0.072,0.019,0.039,0.019,0.006,0.025,0.024,0.056,0.028,0.087,0.168,0.023,0.053,0.06,0.055,0.072,0.088,0.029,0.033,0.044,,,,,,,,,,,,,,,,,,,,,,,,,,,,,,,,,,,,,,,,,,,,,,,,,,,,,,,,,,,,,,,,,,,,,,,,,,,,,,,,,,,,,,,,,,,,,,,,,,,,,,,,,,,,,,,,,,,,,,,,,,,,,,,,,,,,,,,,,,,,,,,,,,,,,,,,,,,,,,,,,,,,,,,,,,,,,,,,,,,,,,,,,,,,,,,,,,,,,,,,,,,,,,,,,,,,,,,,,,,,,,,,,,,,,,,,,,,,,,,,,,,,,,,,,,,,,,,,,,,,,,,,,,,,,,,,,,,,,,,,,,,,,,,,,,,,,,,,,,,,,,,,,,,,,,,,,,,,,,,,,,,,,,,,,,,,,,,,,,,,,,,,,,,,,,,,,,,,,,,,,,,,,,,,,,,,,,,,,,,,
Dayhoff+F,40,8239.15731519589,7985.97096743504,-3952.59370158661,n/a,n/a,0.0965223562810504,0.0231842914596641,0.0409273716583866,0.0581973030518098,0.018689377809321,0.0182162290040218,0.056777856635912,0.0761769576531819,0.0279157795126567,0.0555949846226638,0.101017269931393,0.0674237047551455,0.0395079252424888,0.0428199668795836,0.0551218358173646,0.0589070262597587,0.0430565412822333,0.011592145729832,0.0340667139815472,0.0742843624319849,,,,,,,,,,,,,,,,,,,,,,,,,,,,,,,,,,,,,,,,,,,,,,,,,,,,,,,,,,,,,,,,,,,,,,,,,,,,,,,,,,,,,,,,,,,,,,,,,,,,,,,,,,,,,,,,,,,,,,,,,,,,,,,,,,,,,,,,,,,,,,,,,,,,,,,,,,,,,,,,,,,,,,,,,,,,,,,,,,,,,,,,,,,,,,,,,,,,,,,,,,,,,,,,,,,,,,,,,,,,,,,,,,,,,,,,,,,,,,,,,,,,,,,,,,,,,,,,,,,,,,,,,,,,,,,,,,,,,,,,,,,,,,,,,,,,,,,,,,,,,,,,,,,,,,,,,,,,,,,,,,,,,,,,,,,,,,,,,,,,,,,,,,,,,,,,,,,,,,,,,,,,,,,,,,,,,,,,,,,,
mtREV24+F,40,8272.73231134039,8019.54596357954,-3969.38119965886,n/a,n/a,0.0965223562810504,0.0231842914596641,0.0409273716583866,0.0581973030518098,0.018689377809321,0.0182162290040218,0.056777856635912,0.0761769576531819,0.0279157795126567,0.0555949846226638,0.101017269931393,0.0674237047551455,0.0395079252424888,0.0428199668795836,0.0551218358173646,0.0589070262597587,0.0430565412822333,0.011592145729832,0.0340667139815472,0.0742843624319849,,,,,,,,,,,,,,,,,,,,,,,,,,,,,,,,,,,,,,,,,,,,,,,,,,,,,,,,,,,,,,,,,,,,,,,,,,,,,,,,,,,,,,,,,,,,,,,,,,,,,,,,,,,,,,,,,,,,,,,,,,,,,,,,,,,,,,,,,,,,,,,,,,,,,,,,,,,,,,,,,,,,,,,,,,,,,,,,,,,,,,,,,,,,,,,,,,,,,,,,,,,,,,,,,,,,,,,,,,,,,,,,,,,,,,,,,,,,,,,,,,,,,,,,,,,,,,,,,,,,,,,,,,,,,,,,,,,,,,,,,,,,,,,,,,,,,,,,,,,,,,,,,,,,,,,,,,,,,,,,,,,,,,,,,,,,,,,,,,,,,,,,,,,,,,,,,,,,,,,,,,,,,,,,,,,,,,,,,,,,
mtREV24+I,22,8288.2927699841,8148.85004149247,-4052.30465918581,0.212523575498836,n/a,0.072,0.019,0.039,0.019,0.006,0.025,0.024,0.056,0.028,0.087,0.168,0.023,0.053,0.06,0.055,0.072,0.088,0.029,0.033,0.044,,,,,,,,,,,,,,,,,,,,,,,,,,,,,,,,,,,,,,,,,,,,,,,,,,,,,,,,,,,,,,,,,,,,,,,,,,,,,,,,,,,,,,,,,,,,,,,,,,,,,,,,,,,,,,,,,,,,,,,,,,,,,,,,,,,,,,,,,,,,,,,,,,,,,,,,,,,,,,,,,,,,,,,,,,,,,,,,,,,,,,,,,,,,,,,,,,,,,,,,,,,,,,,,,,,,,,,,,,,,,,,,,,,,,,,,,,,,,,,,,,,,,,,,,,,,,,,,,,,,,,,,,,,,,,,,,,,,,,,,,,,,,,,,,,,,,,,,,,,,,,,,,,,,,,,,,,,,,,,,,,,,,,,,,,,,,,,,,,,,,,,,,,,,,,,,,,,,,,,,,,,,,,,,,,,,,,,,,,,,
mtREV24,21,8382.65023622862,8249.53577082338,-4103.65801620836,n/a,n/a,0.072,0.019,0.039,0.019,0.006,0.025,0.024,0.056,0.028,0.087,0.168,0.023,0.053,0.06,0.055,0.072,0.088,0.029,0.033,0.044,,,,,,,,,,,,,,,,,,,,,,,,,,,,,,,,,,,,,,,,,,,,,,,,,,,,,,,,,,,,,,,,,,,,,,,,,,,,,,,,,,,,,,,,,,,,,,,,,,,,,,,,,,,,,,,,,,,,,,,,,,,,,,,,,,,,,,,,,,,,,,,,,,,,,,,,,,,,,,,,,,,,,,,,,,,,,,,,,,,,,,,,,,,,,,,,,,,,,,,,,,,,,,,,,,,,,,,,,,,,,,,,,,,,,,,,,,,,,,,,,,,,,,,,,,,,,,,,,,,,,,,,,,,,,,,,,,,,,,,,,,,,,,,,,,,,,,,,,,,,,,,,,,,,,,,,,,,,,,,,,,,,,,,,,,,,,,,,,,,,,,,,,,,,,,,,,,,,,,,,,,,,,,,,,,,,,,,,,,,,
